IconId,Check
3000001,2000001
3000002,2000002
3000003,2000003
3000004,2000004
3000005,2000005
3000006,2000006
3000007,2000007
3000008,2000008
3000009,2000009
3000010,2000010
3000011,2000011
3000012,2000012
3000013,2000013
3000014,2000014
3000015,2000015
3000016,2000016
3000017,2000017
3000018,2000018
3000019,2000019
3000020,2000020
3000021,2000021
3000022,2000022
3000023,2000023
3000024,2000024
3000025,2000025
3000026,2000026
3000027,2000027
3000028,2000028
3000029,2000029
3000030,2000030
3000031,2000031
3000032,2000032
3000033,2000033
3000034,2000034
3000035,2000035
3000036,2000036
3000037,2000037
3000038,2000038
3000039,2000039
3000040,2000040
3000041,2000041
3000042,2000042
3000043,2000043
3000044,2000044
3000045,2000045
3000046,2000046
3000047,2000047
3000048,2000048
